avg_acc,std_acc,avg_mde,std_mde
99.41984732824429,0.26658118786175883,0.02039587341755519,0.007142051750289744
