run,accuracy,mde
1,76.65306122448979,0.6034164054478582
2,74.81632653061224,0.676170124253999
3,74.65306122448979,0.6456587420182952
4,76.48979591836735,0.6350481290308224
5,77.10204081632654,0.6008498433144766
