run,accuracy,mde
1,76.61224489795919,0.6397072206321281
2,76.61224489795919,0.6263366613875682
3,77.59183673469387,0.617407043137999
4,76.28571428571429,0.6280945063167415
5,77.22448979591837,0.618650258053192
