run,accuracy,mde
1,76.08163265306122,0.6634307056429588
2,74.6938775510204,0.7129089688236441
3,76.36734693877551,0.656244430820826
4,76.48979591836735,0.6326643866164653
5,75.38775510204083,0.6639187971461582
