run,accuracy,mde
1,76.24489795918367,0.644736580629866
2,75.75510204081633,0.6082217687322881
3,75.55102040816325,0.6769627172439809
4,75.91836734693878,0.6688282152982445
5,75.55102040816325,0.6498220291658108
