run,accuracy,mde
1,76.6938775510204,0.6531439215020123
2,75.38775510204083,0.6915970255550399
3,77.83673469387755,0.5908111506297443
4,75.59183673469387,0.6583216693973356
5,77.06122448979592,0.6076899969046553
