run,accuracy,mde
1,99.63265306122449,0.010446738817840034
2,99.59183673469387,0.010600829629366114
3,99.67346938775509,0.010441309079672704
4,99.63265306122449,0.011965050529276947
5,99.59183673469387,0.009855928209910188
