run,accuracy,mde
1,75.95918367346938,0.6386934315657241
2,77.26530612244899,0.6106095780360222
3,76.77551020408163,0.6247940615707079
4,76.81632653061224,0.6171493201142353
5,78.0,0.6039070701293212
