run,accuracy,mde
1,77.18367346938776,0.6231351164595555
2,78.73469387755102,0.5801913107665806
3,76.93877551020408,0.6461850418231193
4,77.14285714285715,0.624429233004149
5,75.63265306122449,0.6480581165152202
