run,accuracy,mde
1,77.38775510204081,0.6352821226118004
2,78.36734693877551,0.5966700447719627
3,77.71428571428571,0.6426680335196936
4,78.93877551020408,0.5711096108062151
5,79.38775510204081,0.5788228261091468
