run,accuracy,mde
1,75.42857142857143,0.6437693455266813
2,76.85714285714286,0.6116642836919046
3,76.89795918367346,0.6230533938968199
4,78.6938775510204,0.5678638077439199
5,74.36734693877551,0.763403296227771
