run,accuracy,mde
1,74.77551020408163,0.672675047109712
2,74.04081632653062,0.709017827358461
3,77.75510204081633,0.5956842583255756
4,76.12244897959184,0.6382090151772963
5,75.75510204081633,0.6491311399784145
