run,accuracy,mde
1,75.91836734693878,0.6549767641794632
2,74.65306122448979,0.6999623276350203
3,75.3061224489796,0.6746948620393447
4,75.91836734693878,0.6460436147271132
5,76.28571428571429,0.6645809906516877
